{"cameraMode":{"drawMode":0,"name":"Shaded","section":"Shading Mode"},"sceneLighting":false,"audioPlay":false,"sceneViewState":{"m_AlwaysRefresh":false,"showFog":true,"showSkybox":false,"showFlares":true,"showImageEffects":true,"showParticleSystems":true,"showVisualEffectGraphs":true,"m_FxEnabled":true},"in2DMode":false,"pivot":{"x":-0.03287464380264282,"y":0.11916244029998779,"z":0.11675272881984711},"rotation":{"x":-0.00045484976726584136,"y":0.9856190085411072,"z":-0.16899460554122926,"w":-0.0026603539008647205},"size":0.058483242988586429,"orthographic":false}